"","event","event_size","datetime","actor"
"1","http://www.theguardian.com/football/blog/2010/may/01/john-terry-chelsea-struggles#addEvent","40","2010-04-30","http://dbpedia.org/resource/John_Terry"
"2","http://www.newsreader-project.eu/LNdata/hackathon/2010/04/29/7YBR-K2F0-YBF8-H53T.xml#fanEvent","96","2010-04-29","http://dbpedia.org/resource/Kaká"
"3","http://www.newsreader-project.eu/LNdata/hackathon/2010/04/29/7YBH-Y7H0-Y9NT-21TV.xml#believeEvent","8","2010-04-29","http://dbpedia.org/resource/Glen_Moss"
"4","http://www.newsreader-project.eu/LNdata/hackathon/2010/04/29/7YBH-Y7H0-Y9NT-21TV.xml#likeEvent","9","2010-04-29","http://dbpedia.org/resource/Glen_Moss"
"5","http://www.newsreader-project.eu/LNdata/hackathon/2010/04/28/7YBF-C8G0-Y9M7-V1WS.xml#missEvent","11","2010-04-28","http://dbpedia.org/resource/David_Beckham"
"6","http://www.newsreader-project.eu/LNdata/hackathon/2010/04/28/7YB9-C121-2RYX-103K.xml#careerEvent","57","2010-04-28","http://dbpedia.org/resource/Gabriel_Batistuta"
"7","http://www.newsreader-project.eu/LNdata/hackathon/2010/04/28/7YB9-C121-2RYX-103K.xml#believeEvent","8","2010-04-28","http://dbpedia.org/resource/Craig_Moore"
"8","http://www.newsreader-project.eu/LNdata/hackathon/2010/04/28/7YBG-10X1-2R6N-X02J.xml#dislikeEvent","7","2010-04-28","http://dbpedia.org/resource/Fredy_Montero"
"9","http://www.newsreader-project.eu/LNdata/hackathon/2010/04/26/7YB7-JGT1-2PFT-70KH.xml#missEvent","36","2010-04-26","http://dbpedia.org/resource/Jérémy_Toulalan"
"10","http://www.newsreader-project.eu/LNdata/hackathon/2010/04/26/7YB7-P3X0-Y9P6-J53X.xml#likesEvent","5","2010-04-26","http://dbpedia.org/resource/Kaká"
"11","http://www.newsreader-project.eu/LNdata/hackathon/2010/04/26/7YC2-SW11-2R6N-T0D0.xml#believeEvent","10","2010-04-26","http://dbpedia.org/resource/Martin_Keown"
"12","http://www.newsreader-project.eu/LNdata/hackathon/2010/04/26/7YC2-SW11-2R6N-T0D0.xml#supportEvent","13","2010-04-26","http://dbpedia.org/resource/Martin_Keown"
"13","http://www.newsreader-project.eu/LNdata/hackathon/2010/04/26/7YB7-DF30-YB58-K0PB.xml#likesEvent","5","2010-04-26","http://dbpedia.org/resource/Lionel_Messi"
"14","http://www.newsreader-project.eu/LNdata/hackathon/2010/04/25/7Y9W-09P1-2R6N-80J1.xml#wantEvent","258","2010-04-25","http://dbpedia.org/resource/David_Beckham"
"15","http://www.newsreader-project.eu/LNdata/hackathon/2010/04/25/7Y9W-09P1-2R6N-80J1.xml#wantEvent","258","2010-04-25","http://dbpedia.org/resource/Mario_Balotelli"
"16","http://www.newsreader-project.eu/LNdata/hackathon/2010/04/25/7YBJ-D4D1-2R69-R077.xml#relationshipEvent","5","2010-04-25","http://dbpedia.org/resource/Zinedine_Zidane"
"17","http://www.newsreader-project.eu/LNdata/hackathon/2010/04/25/7YBJ-D4D1-2R69-R077.xml#followEvent","10","2010-04-25","http://dbpedia.org/resource/Laurie_Cunningham"
"18","http://www.newsreader-project.eu/LNdata/hackathon/2010/04/23/7Y9M-4BX0-Y9NR-R1PM.xml#missEvent","45","2010-04-23","http://dbpedia.org/resource/David_Beckham"
"19","http://www.newsreader-project.eu/LNdata/hackathon/2010/04/23/7Y9M-4C20-YC5G-10FM.xml#sponsorEvent","12","2010-04-23","http://dbpedia.org/resource/Cristiano_Ronaldo"
"20","http://www.newsreader-project.eu/LNdata/hackathon/2010/04/22/7Y9C-P0X0-Y8TX-20CP.xml#missEvent","36","2010-04-22","http://dbpedia.org/resource/Charlie_Davies"
"21","http://www.theguardian.com/football/2010/apr/22/david-beckham-wealth#missEvent","65","2010-04-22","http://dbpedia.org/resource/David_Beckham"
"22","http://www.theguardian.com/football/2010/apr/22/david-beckham-wealth#sponsorEvent","135","2010-04-22","http://dbpedia.org/resource/Kaká"
"23","http://www.theguardian.com/football/2010/apr/22/david-beckham-wealth#sponsorEvent","135","2010-04-22","http://dbpedia.org/resource/Cristiano_Ronaldo"
"24","http://www.newsreader-project.eu/LNdata/hackathon/2010/04/22/7Y9D-53M0-Y9NR-R1YR.xml#wantEvent","8","2010-04-22","http://dbpedia.org/resource/Charlie_Davies"
"25","http://www.newsreader-project.eu/LNdata/hackathon/2010/04/22/7Y9C-P0X0-Y8TX-20CP.xml#careerEvent","33","2010-04-22","http://dbpedia.org/resource/Charlie_Davies"
"26","http://www.newsreader-project.eu/LNdata/hackathon/2010/04/22/7Y9X-FWC0-Y9NC-F0MN.xml#understandEvent","24","2010-04-22","http://dbpedia.org/resource/Charlie_Davies"
"27","http://www.newsreader-project.eu/LNdata/hackathon/2010/04/21/7Y96-N1J1-2RY2-93V9.xml#likesEvent","7","2010-04-21","http://dbpedia.org/resource/Ronaldo"
"28","http://www.newsreader-project.eu/LNdata/hackathon/2010/04/21/7Y96-N1J1-2RY2-93V9.xml#likesEvent","7","2010-04-21","http://dbpedia.org/resource/Elano"
"29","http://www.newsreader-project.eu/LNdata/hackathon/2010/04/21/7Y92-J021-2SDX-24TB.xml#likesEvent","7","2010-04-21","http://dbpedia.org/resource/Clint_Dempsey"
"30","http://www.newsreader-project.eu/LNdata/hackathon/2010/04/21/7Y96-N1J1-2RY2-93V9.xml#missEvent","7","2010-04-21","http://dbpedia.org/resource/Fernando_Torres"
"31","http://www.newsreader-project.eu/LNdata/hackathon/2010/04/20/7Y8S-D3M0-Y9M1-H03K.xml#addEvent","6","2010-04-20","http://dbpedia.org/resource/Xavi"
"32","http://www.newsreader-project.eu/LNdata/hackathon/2010/04/20/7Y8S-D3M0-Y9M1-H03K.xml#protectEvent","7","2010-04-20","http://dbpedia.org/resource/Lionel_Messi"
"33","http://www.newsreader-project.eu/LNdata/hackathon/2010/04/20/7Y8V-WBD1-2RM7-P0MR.xml#addEvent","6","2010-04-20","http://dbpedia.org/resource/Ronaldinho"
"34","http://news.bbc.co.uk/sport2/hi/football/teams/l/liverpool/8628770.stm#missEvent","24","2010-04-19","http://dbpedia.org/resource/Fernando_Torres"
"35","http://www.newsreader-project.eu/LNdata/hackathon/2010/04/18/7Y8B-0C61-2RR2-D3SH.xml#careEvent","9","2010-04-18","http://dbpedia.org/resource/Lucas_Neill"
"36","http://www.newsreader-project.eu/LNdata/hackathon/2010/04/18/7Y85-N4F0-YBDY-R06D.xml#wantEvent","60","2010-04-18","http://dbpedia.org/resource/Lucas_Neill"
"37","http://www.newsreader-project.eu/LNdata/hackathon/2010/04/18/7Y8B-0C61-2RR2-D3SH.xml#loveEvent","13","2010-04-18","http://dbpedia.org/resource/Lucas_Neill"
"38","http://www.newsreader-project.eu/LNdata/hackathon/2010/04/17/7Y80-9VK0-Y955-20CC.xml#likesEvent","5","2010-04-17","http://dbpedia.org/resource/Lucas_Neill"
"39","http://www.newsreader-project.eu/LNdata/hackathon/2010/04/18/7Y85-N4F0-YBDY-R06D.xml#believeEvent","8","2010-04-18","http://dbpedia.org/resource/Craig_Foster"
"40","http://www.newsreader-project.eu/LNdata/hackathon/2010/04/17/7Y84-BK10-Y8Y1-X1DD.xml#addEvent","8","2010-04-17","http://dbpedia.org/resource/Samuel_Eto'o"
"41","http://www.newsreader-project.eu/LNdata/hackathon/2010/04/17/7Y8J-FX60-YBWY-S0T8.xml#likesEvent","5","2010-04-17","http://dbpedia.org/resource/Lionel_Messi"
"42","http://www.newsreader-project.eu/LNdata/hackathon/2010/04/16/7Y8M-X741-2SGB-B00H.xml#wantEvent","836","2010-04-16","http://dbpedia.org/resource/Neymar"
"43","http://www.newsreader-project.eu/LNdata/hackathon/2010/04/16/7Y83-6851-2R4F-74XM.xml#addEvent","26","2010-04-16","http://dbpedia.org/resource/Lionel_Messi"
"44","http://www.newsreader-project.eu/LNdata/hackathon/2010/04/15/7Y7X-1D80-Y9P6-J3FT.xml#likesEvent","5","2010-04-15","http://dbpedia.org/resource/Henk_Timmer_(footballer)"
"45","http://www.newsreader-project.eu/LNdata/hackathon/2010/04/15/7Y7W-WMP0-Y8XV-Y32T.xml#wantEvent","21","2010-04-15","http://dbpedia.org/resource/Neymar"
"46","http://www.theguardian.com/football/2010/apr/14/the-fiver-tottenham-arsenal#wantEvent","2220","2010-04-14","http://dbpedia.org/resource/Wayne_Rooney"
"47","http://www.newsreader-project.eu/LNdata/hackathon/2010/04/14/7Y79-SGK1-2RYX-14BB.xml#careerEvent","6","2010-04-14","http://dbpedia.org/resource/Zinedine_Zidane"
"48","http://www.newsreader-project.eu/LNdata/hackathon/2010/04/14/7Y79-SGK1-2RYX-14BB.xml#fanEvent","6","2010-04-14","http://dbpedia.org/resource/Cristiano_Ronaldo"
"49","http://www.theguardian.com/football/2010/apr/14/the-fiver-tottenham-arsenal#likenEvent","72","2010-04-14","http://dbpedia.org/resource/Robin_van_Persie"
"50","http://www.theguardian.com/football/2010/apr/13/howard-webb-martin-oneill#dismissEvent","16","2010-04-13","http://dbpedia.org/resource/Sylvain_Distin"
"51","http://www.theguardian.com/football/blog/2010/apr/12/xavi-hernandez-sid-lowe#addEvent","14","2010-04-12","http://dbpedia.org/resource/Xavi"
"52","http://www.newsreader-project.eu/LNdata/hackathon/2010/04/11/7Y7P-3N81-2SGB-B1FN.xml#scareEvent","8","2010-04-11","http://dbpedia.org/resource/Karim_Benzema"
"53","http://www.newsreader-project.eu/LNdata/hackathon/2010/04/11/7Y6T-GVT0-Y9NR-053B.xml#wantEvent","42","2010-04-11","http://dbpedia.org/resource/Wayne_Rooney"
"54","http://www.newsreader-project.eu/LNdata/hackathon/2010/04/11/7Y6T-GVT0-Y9NR-053B.xml#likesEvent","7","2010-04-11","http://dbpedia.org/resource/Cristiano_Ronaldo"
"55","http://www.newsreader-project.eu/LNdata/hackathon/2010/04/10/7Y6N-C1M1-2SDX-223M.xml#standEvent","13","2010-04-10","http://dbpedia.org/resource/Lionel_Messi"
"56","http://www.newsreader-project.eu/LNdata/hackathon/2010/04/11/7Y6T-GVT0-Y9NR-053B.xml#protectEvent","15","2010-04-11","http://dbpedia.org/resource/Wayne_Rooney"
"57","http://www.newsreader-project.eu/LNdata/hackathon/2010/04/09/7Y6C-XXY1-2RP6-W07P.xml#likesEvent","5","2010-04-09","http://dbpedia.org/resource/Itumeleng_Khune"
"58","http://www.newsreader-project.eu/LNdata/hackathon/2010/04/09/7Y73-PYC1-2SD0-412X.xml#visitEvent","13","2010-04-09","http://dbpedia.org/resource/Wayne_Rooney"
"59","http://www.newsreader-project.eu/LNdata/hackathon/2010/04/09/7Y6M-P981-2SPD-94P2.xml#backEvent","14","2010-04-09","http://dbpedia.org/resource/Jong_Tae-Se"
"60","http://www.newsreader-project.eu/LNdata/hackathon/2010/04/09/7Y6M-P981-2SPD-94P2.xml#believeEvent","30","2010-04-09","http://dbpedia.org/resource/Jong_Tae-Se"
"61","http://www.newsreader-project.eu/LNdata/hackathon/2010/04/08/7Y98-J630-Y8K3-32TJ.xml#backEvent","5","2010-04-08","http://dbpedia.org/resource/Lionel_Messi"
"62","http://www.newsreader-project.eu/LNdata/hackathon/2010/04/08/7Y6H-BBG0-Y9KG-Y08F.xml#understandEvent","9","2010-04-08","http://dbpedia.org/resource/Didier_Drogba"
"63","http://www.newsreader-project.eu/LNdata/hackathon/2010/04/08/7Y66-C5W0-Y9M5-14M9.xml#believeEvent","22","2010-04-08","http://dbpedia.org/resource/Lionel_Messi"
"64","http://www.newsreader-project.eu/LNdata/hackathon/2010/04/08/7Y65-YTC0-YB39-01R3.xml#addEvent","8","2010-04-08","http://dbpedia.org/resource/Lionel_Messi"
"65","http://www.newsreader-project.eu/LNdata/hackathon/2010/04/08/7Y65-YTC0-YB39-01R3.xml#likesEvent","6","2010-04-08","http://dbpedia.org/resource/Cristiano_Ronaldo"
"66","http://www.newsreader-project.eu/LNdata/hackathon/2010/04/08/7Y66-C5W0-Y9M5-14M9.xml#missEvent","18","2010-04-08","http://dbpedia.org/resource/Pelé"
"67","http://www.newsreader-project.eu/LNdata/hackathon/2010/04/08/7Y66-C5W0-Y9ND-C0CD.xml#standingEvent","24","2010-04-08","http://dbpedia.org/resource/Lionel_Messi"
"68","http://www.newsreader-project.eu/LNdata/hackathon/2010/04/06/7Y5W-B491-2R6N-X2DB.xml#loveEvent","11","2010-04-06","http://dbpedia.org/resource/Sunil_Chhetri"
"69","http://www.theguardian.com/football/2010/apr/06/cska-moscow-internazionale-champions-league-live#standEvent","69","2010-04-06","http://dbpedia.org/resource/Wesley_Sneijder"
"70","http://www.theguardian.com/football/2010/apr/06/cska-moscow-internazionale-champions-league-live#missEvent","24","2010-04-06","http://dbpedia.org/resource/Tony_Cascarino"
"71","http://www.newsreader-project.eu/LNdata/hackathon/2010/04/02/7Y4X-4Y21-2RM7-82N0.xml#missEvent","16","2010-04-02","http://dbpedia.org/resource/David_Beckham"
"72","http://www.newsreader-project.eu/LNdata/hackathon/2010/04/01/7Y4J-1HT1-2RR2-D3XN.xml#relationshipEvent","6","2010-04-01","http://dbpedia.org/resource/David_Beckham"
"73","http://www.newsreader-project.eu/LNdata/hackathon/2010/04/01/7Y6N-P9G0-YC5N-739M.xml#supportEvent","75","2010-04-01","http://dbpedia.org/resource/Matthew_Le_Tissier"
"74","http://www.newsreader-project.eu/LNdata/hackathon/2010/04/01/7Y4R-6BN0-Y9NR-02HS.xml#standardEvent","5","2010-04-01","http://dbpedia.org/resource/Lionel_Messi"
"75","http://www.newsreader-project.eu/LNdata/hackathon/2010/04/01/7Y4R-6BN0-Y9NR-02HS.xml#missEvent","7","2010-04-01","http://dbpedia.org/resource/Ronaldo"
"76","http://www.newsreader-project.eu/LNdata/hackathon/2010/03/28/7Y3P-WD50-Y9NT-23C3.xml#believeEvent","9","2010-03-28","http://dbpedia.org/resource/Rory_Fallon"
"77","http://www.newsreader-project.eu/LNdata/hackathon/2010/03/27/7Y3M-T4F0-YB39-025N.xml#standardEvent","6","2010-03-27","http://dbpedia.org/resource/Cristiano_Ronaldo"
"78","http://www.newsreader-project.eu/LNdata/hackathon/2010/03/27/570R-W4H1-J9YR-G172.xml#wantEvent","329","2010-03-27","http://dbpedia.org/resource/Thierry_Henry"
"79","http://www.newsreader-project.eu/LNdata/hackathon/2010/03/26/7Y3M-9FF0-YB58-K2BR.xml#thanksEvent","7","2010-03-26","http://dbpedia.org/resource/Ricardo_Carvalho"
"80","http://www.newsreader-project.eu/LNdata/hackathon/2010/03/25/7Y3H-RXT1-2R4F-7046.xml#enjoyEvent","20","2010-03-25","http://dbpedia.org/resource/Lionel_Messi"
"81","http://www.newsreader-project.eu/LNdata/hackathon/2010/03/25/7Y3D-B8S0-YB58-K3S4.xml#visitEvent","11","2010-03-25","http://dbpedia.org/resource/Lucas_Radebe"
"82","http://www.newsreader-project.eu/LNdata/hackathon/2010/03/23/7Y38-YD30-Y8F0-C302.xml#welcomeEvent","6","2010-03-23","http://dbpedia.org/resource/David_Beckham"
"83","http://www.newsreader-project.eu/LNdata/hackathon/2010/03/24/7Y31-P9Y0-Y9S8-D2KM.xml#wantEvent","8","2010-03-24","http://dbpedia.org/resource/Alexandre_Pato"
"84","http://www.newsreader-project.eu/LNdata/hackathon/2010/03/23/7Y38-YD30-Y8F0-C302.xml#missEvent","6","2010-03-23","http://dbpedia.org/resource/David_Beckham"
"85","http://news.bbc.co.uk/sport2/hi/football/europe/8579421.stm#followEvent","18","2010-03-22","http://dbpedia.org/resource/Lionel_Messi"
"86","http://www.newsreader-project.eu/LNdata/hackathon/2010/03/22/7Y2W-V870-Y9KG-Y22N.xml#believeEvent","20","2010-03-22","http://dbpedia.org/resource/Lukas_Podolski"
"87","http://www.newsreader-project.eu/LNdata/hackathon/2010/03/21/7Y2D-0V51-2R53-93TK.xml#fanEvent","5","2010-03-21","http://dbpedia.org/resource/David_Beckham"
"88","http://www.newsreader-project.eu/LNdata/hackathon/2010/03/21/7Y2D-0V51-2R53-93TK.xml#wantEvent","10","2010-03-21","http://dbpedia.org/resource/David_Beckham"
"89","http://www.theguardian.com/football/2010/mar/21/said-and-done-premier-league#likeEvent","26","2010-03-21","http://dbpedia.org/resource/David_Beckham"
"90","http://www.newsreader-project.eu/LNdata/hackathon/2010/03/21/7Y25-V971-2RYX-14RV.xml#careerEvent","12","2010-03-21","http://dbpedia.org/resource/Mark_Viduka"
"91","http://www.newsreader-project.eu/LNdata/hackathon/2010/03/21/7Y25-V971-2RYX-14RV.xml#enjoyEvent","7","2010-03-21","http://dbpedia.org/resource/Mark_Viduka"
"92","http://www.theguardian.com/football/2010/mar/20/saturday-clockwatch-football-six-nations#missEvent","54","2010-03-20","http://dbpedia.org/resource/David_James_(footballer)"
"93","http://www.theguardian.com/football/2010/mar/20/aston-villa-wolverhampton-wanderers-live#wantEvent","238","2010-03-20","http://dbpedia.org/resource/James_Milner"
"94","http://www.newsreader-project.eu/LNdata/hackathon/2010/03/20/7Y25-0PS1-2RM1-B0BH.xml#wantEvent","8","2010-03-20","http://dbpedia.org/resource/David_Beckham"
"95","http://www.newsreader-project.eu/LNdata/hackathon/2010/03/19/7Y1Y-VD51-2R4Y-X41R.xml#supportEvent","8","2010-03-19","http://dbpedia.org/resource/David_Beckham"
"96","http://www.theguardian.com/sport/blog/2010/mar/18/today-in-sport-news-blog#supporterEvent","20","2010-03-18","http://dbpedia.org/resource/Gary_Cahill"
"97","http://www.newsreader-project.eu/LNdata/hackathon/2010/03/17/7Y1J-2XB0-YBWY-S4VS.xml#careerEvent","5","2010-03-17","http://dbpedia.org/resource/David_Beckham"
"98","http://www.theguardian.com/football/2010/mar/17/the-fiver-john-terry-car-accident#missEvent","30","2010-03-17","http://dbpedia.org/resource/Xavi"
"99","http://www.theguardian.com/football/2010/mar/16/david-beckham-injury-england#missEvent","91","2010-03-16","http://dbpedia.org/resource/David_Beckham"
"100","http://www.newsreader-project.eu/LNdata/hackathon/2010/03/16/7Y18-98M1-2R6N-83XK.xml#desireEvent","6","2010-03-16","http://dbpedia.org/resource/David_Beckham"
"101","http://www.newsreader-project.eu/LNdata/hackathon/2010/03/16/7Y18-T870-YB39-0551.xml#visitEvent","10","2010-03-16","http://dbpedia.org/resource/David_Beckham"
"102","http://www.theguardian.com/football/2010/mar/16/david-beckham-injury-england#addEvent","78","2010-03-16","http://dbpedia.org/resource/David_Beckham"
"103","http://www.theguardian.com/football/2010/mar/16/david-beckham-injury-england#understandEvent","54","2010-03-16","http://dbpedia.org/resource/David_Beckham"
"104","http://www.newsreader-project.eu/LNdata/hackathon/2010/03/16/7Y1P-2RF0-Y9NR-H1S1.xml#addEvent","6","2010-03-16","http://dbpedia.org/resource/David_Beckham"
"105","http://www.newsreader-project.eu/LNdata/hackathon/2010/03/16/7Y1C-7HH1-2R2Y-83PG.xml#enjoyEvent","10","2010-03-16","http://dbpedia.org/resource/John_Terry"
"106","http://www.newsreader-project.eu/LNdata/hackathon/2010/03/16/7Y1B-2XP1-2R4F-7148.xml#visitEvent","58","2010-03-16","http://dbpedia.org/resource/David_Beckham"
"107","http://www.theguardian.com/football/2010/mar/16/david-beckham-injury-england#dismissEvent","54","2010-03-16","http://dbpedia.org/resource/David_Beckham"
"108","http://www.theguardian.com/football/2010/mar/16/david-beckham-injury-england#careerEvent","689","2010-03-16","http://dbpedia.org/resource/David_Beckham"
"109","http://www.theguardian.com/football/2010/mar/16/david-beckham-england-2018-andy-anson#wantEvent","580","2010-03-16","http://dbpedia.org/resource/David_Beckham"
"110","http://www.newsreader-project.eu/LNdata/hackathon/2010/03/15/7Y0X-85K1-2R4D-H4CP.xml#followEvent","8","2010-03-15","http://dbpedia.org/resource/Arjen_Robben"
"111","http://www.newsreader-project.eu/LNdata/hackathon/2010/03/16/7Y1B-SB11-2RM7-82FX.xml#supportEvent","22","2010-03-16","http://dbpedia.org/resource/Frank_Lampard"
"112","http://www.newsreader-project.eu/LNdata/hackathon/2010/03/15/7Y12-5NW1-2R6N-82M7.xml#understandEvent","7","2010-03-15","http://dbpedia.org/resource/David_Beckham"
"113","http://www.newsreader-project.eu/LNdata/hackathon/2010/03/15/7Y12-5NW1-2R6N-82M7.xml#protectEvent","8","2010-03-15","http://dbpedia.org/resource/El_Hadji_Diouf"
"114","http://www.newsreader-project.eu/LNdata/hackathon/2010/03/14/7Y0X-7PH0-Y9M5-152W.xml#wantEvent","7","2010-03-14","http://dbpedia.org/resource/Steven_Gerrard"
"115","http://www.newsreader-project.eu/LNdata/hackathon/2010/03/14/7Y0X-7PJ0-Y9M5-1028.xml#fanEvent","56","2010-03-14","http://dbpedia.org/resource/Joe_Cole"
"116","http://www.newsreader-project.eu/LNdata/hackathon/2010/03/14/7Y1B-55S0-Y9NW-524W.xml#believeEvent","9","2010-03-14","http://dbpedia.org/resource/David_Beckham"
"117","http://www.newsreader-project.eu/LNdata/hackathon/2010/03/14/54MV-RC91-JDV6-X4R4.xml#thanksEvent","7","2010-03-14","http://dbpedia.org/resource/Rory_Fallon"
"118","http://www.newsreader-project.eu/LNdata/hackathon/2010/03/14/54MV-RC91-JDV6-X4RF.xml#believeEvent","9","2010-03-14","http://dbpedia.org/resource/Iván_Zamorano"
"119","http://www.theguardian.com/sport/2010/mar/14/ronaldo-announces-retirement-corinthians#careerEvent","39","2010-03-14","http://dbpedia.org/resource/Ronaldo"
"120","http://www.newsreader-project.eu/LNdata/hackathon/2010/03/14/7Y1B-55S0-Y9NW-524W.xml#believeEvent","9","2010-03-14","http://dbpedia.org/resource/David_Beckham"
"121","http://www.newsreader-project.eu/LNdata/hackathon/2010/03/14/7Y1B-55S0-Y9NW-524W.xml#fanEvent","13","2010-03-14","http://dbpedia.org/resource/David_Beckham"
"122","http://www.newsreader-project.eu/LNdata/hackathon/2010/03/14/54MV-RC91-JDV6-X4R9.xml#addEvent","6","2010-03-14","http://dbpedia.org/resource/José_Bosingwa"
"123","http://www.newsreader-project.eu/LNdata/hackathon/2010/03/14/54MV-RC91-JDV6-X4R9.xml#enjoyEvent","7","2010-03-14","http://dbpedia.org/resource/Pepe_(footballer_born_1983)"
"124","http://www.newsreader-project.eu/LNdata/hackathon/2010/03/12/7Y0G-CD61-2SPK-H2BJ.xml#relationEvent","14","2010-03-12","http://dbpedia.org/resource/Didier_Drogba"
"125","http://www.newsreader-project.eu/LNdata/hackathon/2010/03/12/7Y0M-CD81-2R6N-T2XM.xml#addEvent","10","2010-03-12","http://dbpedia.org/resource/Iker_Casillas"
"126","http://www.newsreader-project.eu/LNdata/hackathon/2010/03/12/7Y0M-CD81-2R6N-T2XM.xml#believeEvent","12","2010-03-12","http://dbpedia.org/resource/Wayne_Rooney"
"127","http://www.newsreader-project.eu/LNdata/hackathon/2010/03/12/7Y0F-KV80-Y9M5-1004.xml#wantEvent","8","2010-03-12","http://dbpedia.org/resource/Wayne_Rooney"
"128","http://www.newsreader-project.eu/LNdata/hackathon/2010/03/12/7Y0M-CD81-2R6N-T2XM.xml#believeEvent","12","2010-03-12","http://dbpedia.org/resource/Iker_Casillas"
"129","http://www.newsreader-project.eu/LNdata/hackathon/2010/03/12/7Y0M-CD81-2R6N-T2XM.xml#believeEvent","12","2010-03-12","http://dbpedia.org/resource/Iker_Casillas"
"130","http://www.newsreader-project.eu/LNdata/hackathon/2010/03/11/7Y0D-X800-Y9NS-B421.xml#careerEvent","18","2010-03-11","http://dbpedia.org/resource/Lionel_Messi"
"131","http://www.theguardian.com/football/2010/mar/11/wayne-rooney-world-cup#cheerEvent","16","2010-03-11","http://dbpedia.org/resource/Wayne_Rooney"
"132","http://www.newsreader-project.eu/LNdata/hackathon/2010/03/11/7Y0D-X800-Y9NS-B421.xml#welcomeEvent","6","2010-03-11","http://dbpedia.org/resource/Lionel_Messi"
"133","http://www.newsreader-project.eu/LNdata/hackathon/2010/03/10/7Y06-SHJ0-YB58-K08B.xml#missEvent","19","2010-03-10","http://dbpedia.org/resource/Karim_Benzema"
"134","http://www.newsreader-project.eu/LNdata/hackathon/2010/03/10/7Y3P-6RR0-YBD4-113K.xml#loveEvent","24","2010-03-10","http://dbpedia.org/resource/Robbie_Keane"
"135","http://www.newsreader-project.eu/LNdata/hackathon/2010/03/10/7Y3P-6RR0-YBD4-113K.xml#wantEvent","16","2010-03-10","http://dbpedia.org/resource/Robbie_Keane"
"136","http://www.newsreader-project.eu/LNdata/hackathon/2010/03/10/7Y0R-V071-2R69-R184.xml#believeEvent","22","2010-03-10","http://dbpedia.org/resource/Siem_de_Jong"
"137","http://www.newsreader-project.eu/LNdata/hackathon/2010/03/10/7Y3P-6RR0-YBD4-113K.xml#careerEvent","10","2010-03-10","http://dbpedia.org/resource/Robbie_Keane"
"138","http://www.newsreader-project.eu/LNdata/hackathon/2010/03/10/7Y3P-6RR0-YBD4-113K.xml#wantEvent","16","2010-03-10","http://dbpedia.org/resource/Robbie_Keane"
"139","http://www.newsreader-project.eu/LNdata/hackathon/2010/03/10/7Y01-MTJ0-Y9RS-32PH.xml#missEvent","7","2010-03-10","http://dbpedia.org/resource/Wes_Brown"
"140","http://www.newsreader-project.eu/LNdata/hackathon/2010/03/09/7XYV-HYY1-2R6W-S1BB.xml#backEvent","5","2010-03-09","http://dbpedia.org/resource/Paul_Furlong"
"141","http://www.theguardian.com/football/blog/2010/mar/08/five-things-learned-football-weekend#dislikeEvent","21","2010-03-08","http://dbpedia.org/resource/Robbie_Savage"
"142","http://www.theguardian.com/football/blog/2010/mar/08/five-things-learned-football-weekend#addEvent","27","2010-03-08","http://dbpedia.org/resource/Robbie_Savage"
"143","http://www.theguardian.com/football/2010/mar/06/portsmouth-birmingham-fa-cup-live#standingEvent","21","2010-03-06","http://dbpedia.org/resource/Tony_Naylor"
"144","http://www.newsreader-project.eu/LNdata/hackathon/2010/03/06/7XYM-XXK1-2RY2-940G.xml#careerEvent","9","2010-03-06","http://dbpedia.org/resource/David_Villa"
"145","http://www.newsreader-project.eu/LNdata/hackathon/2010/03/06/7YBF-K1F0-YB6M-G1X1.xml#wantEvent","7","2010-03-06","http://dbpedia.org/resource/Landon_Donovan"
"146","http://www.theguardian.com/football/2010/mar/05/china-portugal-cristiano-ronaldo-world-cup#wantEvent","1152","2010-03-05","http://dbpedia.org/resource/Djibril_Cissé"
"147","http://www.newsreader-project.eu/LNdata/hackathon/2010/03/04/7XXS-YS50-Y9NY-G03G.xml#likesEvent","14","2010-03-04","http://dbpedia.org/resource/David_Villa"
"148","http://www.theguardian.com/football/2010/mar/04/spain-world-cup-favourites#edgeEvent","63","2010-03-04","http://dbpedia.org/resource/Sergio_Ramos"
"149","http://www.theguardian.com/football/2010/mar/04/spain-world-cup-favourites#strikeEvent","133","2010-03-04","http://dbpedia.org/resource/Sergio_Ramos"
"150","http://www.theguardian.com/football/2010/mar/04/spain-world-cup-favourites#winEvent","126","2010-03-04","http://dbpedia.org/resource/Sergio_Ramos"
"151","http://news.bbc.co.uk/sport2/hi/football/teams/a/arsenal/8552245.stm#believeEvent","76","2010-03-05","http://dbpedia.org/resource/Theo_Walcott"
"152","http://www.theguardian.com/football/2010/mar/04/spain-world-cup-favourites#footEvent","56","2010-03-04","http://dbpedia.org/resource/Mark_Milligan"
"153","http://www.theguardian.com/football/2010/mar/04/spain-world-cup-favourites#sayEvent","112","2010-03-04","http://dbpedia.org/resource/Sergio_Ramos"
"154","http://www.theguardian.com/football/2010/mar/04/spain-world-cup-favourites#sitEvent","77","2010-03-04","http://dbpedia.org/resource/Sergio_Ramos"
"155","http://www.theguardian.com/football/2010/mar/04/spain-world-cup-favourites#team-matesEvent","49","2010-03-04","http://dbpedia.org/resource/Sergio_Ramos"
"156","http://www.theguardian.com/football/2010/mar/04/spain-world-cup-favourites#appearanceEvent","30","2010-03-04","http://dbpedia.org/resource/Sergio_Ramos"
"157","http://www.theguardian.com/football/2010/mar/04/spain-world-cup-favourites#goalEvent","288","2010-03-04","http://dbpedia.org/resource/Mark_Milligan"
"158","http://www.newsreader-project.eu/LNdata/hackathon/2010/03/04/7Y08-3M21-2SFM-K0GY.xml#missEvent","7","2010-03-04","http://dbpedia.org/resource/Ismail_Matar"
"159","http://www.newsreader-project.eu/LNdata/hackathon/2010/03/04/7XXS-4J11-2R56-403K.xml#likesEvent","5","2010-03-04","http://dbpedia.org/resource/Keith_Treacy"
"160","http://www.theguardian.com/football/2010/mar/04/spain-world-cup-favourites#goalEvent","288","2010-03-04","http://dbpedia.org/resource/Sergio_Ramos"
"161","http://www.theguardian.com/football/2010/mar/04/spain-world-cup-favourites#victoryEvent","98","2010-03-04","http://dbpedia.org/resource/Sergio_Ramos"
"162","http://news.bbc.co.uk/sport2/hi/football/8547757.stm#wantEvent","638","2010-03-03","http://dbpedia.org/resource/Enzo_Francescoli"
"163","http://www.newsreader-project.eu/LNdata/hackathon/2010/03/03/7XXH-K3R1-2R6B-N068.xml#believeEvent","9","2010-03-03","http://dbpedia.org/resource/Steven_Gerrard"
"164","http://www.newsreader-project.eu/LNdata/hackathon/2010/03/03/7XXH-K3R1-2R6B-N068.xml#wantEvent","13","2010-03-03","http://dbpedia.org/resource/Steven_Gerrard"
"165","http://news.bbc.co.uk/sport2/hi/football/8547757.stm#missEvent","100","2010-03-03","http://dbpedia.org/resource/John_Terry"
"166","http://news.bbc.co.uk/sport2/hi/football/8547757.stm#wantEvent","638","2010-03-03","http://dbpedia.org/resource/Cristiano_Ronaldo"
"167","http://news.bbc.co.uk/sport2/hi/football/8547757.stm#backpassEvent","30","2010-03-03","http://dbpedia.org/resource/Robert_Green"
"168","http://news.bbc.co.uk/sport2/hi/football/8547757.stm#standEvent","50","2010-03-03","http://dbpedia.org/resource/Wayne_Rooney"
"169","http://www.newsreader-project.eu/LNdata/hackathon/2010/03/03/7XXM-48Y1-2SDX-2018.xml#likesEvent","5","2010-03-03","http://dbpedia.org/resource/Adnan_Al_Talyani"
"170","http://news.bbc.co.uk/sport2/hi/football/8547757.stm#fanEvent","105","2010-03-03","http://dbpedia.org/resource/John_Terry"
"171","http://www.newsreader-project.eu/LNdata/hackathon/2010/03/03/7XXP-M8P0-Y9KG-Y072.xml#believeEvent","238","2010-03-03","http://dbpedia.org/resource/Cafu"
"172","http://www.newsreader-project.eu/LNdata/hackathon/2010/03/03/7XXP-M8P0-Y9KG-Y072.xml#believeEvent","238","2010-03-03","http://dbpedia.org/resource/Lucas_Radebe"
"173","http://www.newsreader-project.eu/LNdata/hackathon/2010/03/03/7XXP-M8P0-Y9KG-Y072.xml#likesEvent","5","2010-03-03","http://dbpedia.org/resource/Lucas_Radebe"
"174","http://www.newsreader-project.eu/LNdata/hackathon/2010/03/02/7XX5-0YD0-YBDY-R07B.xml#wantEvent","8","2010-03-02","http://dbpedia.org/resource/Tony_Franken"
"175","http://www.newsreader-project.eu/LNdata/hackathon/2010/03/02/7XXG-NM31-2R6N-T0FS.xml#believeEvent","8","2010-03-02","http://dbpedia.org/resource/Steven_Gerrard"
"176","http://www.newsreader-project.eu/LNdata/hackathon/2010/03/02/7XXJ-NVC0-Y9NW-54H7.xml#addEvent","6","2010-03-02","http://dbpedia.org/resource/Wayne_Rooney"
"177","http://www.newsreader-project.eu/LNdata/hackathon/2010/03/02/7XXJ-NVC0-Y9NW-54H7.xml#careerEvent","5","2010-03-02","http://dbpedia.org/resource/Wayne_Rooney"
"178","http://www.newsreader-project.eu/LNdata/hackathon/2010/03/02/7XXG-NM31-2R6N-T0FS.xml#likesEvent","5","2010-03-02","http://dbpedia.org/resource/Ashley_Cole"
"179","http://www.newsreader-project.eu/LNdata/hackathon/2010/03/02/7XXH-B451-2PBV-B30S.xml#relationshipEvent","30","2010-03-02","http://dbpedia.org/resource/Ashley_Cole"
"180","http://www.newsreader-project.eu/LNdata/hackathon/2010/03/02/7XXH-B451-2PBV-B30S.xml#supportEvent","81","2010-03-02","http://dbpedia.org/resource/John_Terry"
"181","http://www.newsreader-project.eu/LNdata/hackathon/2010/03/02/7XY2-38K1-2R69-R00H.xml#wantEvent","57","2010-03-02","http://dbpedia.org/resource/Steven_Gerrard"
"182","http://www.newsreader-project.eu/LNdata/hackathon/2010/03/02/7XXG-NM31-2R6N-T0FS.xml#likesEvent","5","2010-03-02","http://dbpedia.org/resource/Ashley_Cole"
"183","http://www.newsreader-project.eu/LNdata/hackathon/2010/03/02/7XXH-B451-2PBV-B30S.xml#relationshipEvent","30","2010-03-02","http://dbpedia.org/resource/Ashley_Cole"
"184","http://www.newsreader-project.eu/LNdata/hackathon/2010/03/02/7XX5-C4K1-2R6X-P021.xml#wantEvent","216","2010-03-02","http://dbpedia.org/resource/Wayne_Rooney"
"185","http://www.newsreader-project.eu/LNdata/hackathon/2010/03/01/7XX9-BXW1-2PBV-B0TN.xml#addEvent","6","2010-03-01","http://dbpedia.org/resource/Zinedine_Zidane"
"186","http://www.newsreader-project.eu/LNdata/hackathon/2010/02/25/7XW8-GXY0-YBXP-94GK.xml#backEvent","7","2010-02-25","http://dbpedia.org/resource/Steven_Gerrard"
"187","http://www.theguardian.com/football/blog/2010/feb/24/fabio-capello-world-cup-england#admissionEvent","15","2010-02-24","http://dbpedia.org/resource/John_Terry"
"188","http://www.theguardian.com/football/blog/2010/feb/24/fabio-capello-world-cup-england#comebackEvent","15","2010-02-24","http://dbpedia.org/resource/Glen_Johnson_(English_footballer)"
"189","http://www.theguardian.com/football/blog/2010/feb/24/fabio-capello-world-cup-england#believeEvent","27","2010-02-24","http://dbpedia.org/resource/Wayne_Bridge"
"190","http://www.newsreader-project.eu/LNdata/hackathon/2010/02/24/7XW1-PCP0-Y9M7-V2Y0.xml#setbackEvent","9","2010-02-24","http://dbpedia.org/resource/Aaron_Lennon"
"191","http://www.newsreader-project.eu/LNdata/hackathon/2010/02/24/7XW1-PCP0-Y9M7-V2Y0.xml#wantEvent","8","2010-02-24","http://dbpedia.org/resource/Shaun_Wright-Phillips"
"192","http://www.theguardian.com/football/blog/2010/feb/24/fabio-capello-world-cup-england#right-backEvent","15","2010-02-24","http://dbpedia.org/resource/Wes_Brown"
"193","http://www.theguardian.com/football/blog/2010/feb/24/fabio-capello-world-cup-england#believeEvent","27","2010-02-24","http://dbpedia.org/resource/Wayne_Bridge"
"194","http://www.newsreader-project.eu/LNdata/hackathon/2010/02/24/7XVV-VTM0-YBDY-R0WV.xml#wantEvent","11","2010-02-24","http://dbpedia.org/resource/Pelé"
"195","http://www.newsreader-project.eu/LNdata/hackathon/2010/02/23/7XW7-RR21-2PFW-803N.xml#funEvent","5","2010-02-23","http://dbpedia.org/resource/Ronaldo"
"196","http://www.newsreader-project.eu/LNdata/hackathon/2010/02/22/7XVS-X4F1-2RRH-X4MD.xml#comebackEvent","5","2010-02-22","http://dbpedia.org/resource/Ronaldo"
"197","http://news.bbc.co.uk/sport2/hi/football/8529228.stm#addEvent","24","2010-02-22","http://dbpedia.org/resource/Ronaldo"
"198","http://www.newsreader-project.eu/LNdata/hackathon/2010/02/22/7XVG-PVJ1-2RYX-1538.xml#likesEvent","5","2010-02-22","http://dbpedia.org/resource/Lucas_Neill"
"199","http://news.bbc.co.uk/sport2/hi/football/8529228.stm#addEvent","24","2010-02-22","http://dbpedia.org/resource/Ronaldo"
"200","http://www.newsreader-project.eu/LNdata/hackathon/2010/02/22/7XVV-VWF0-Y9NR-R478.xml#funEvent","14","2010-02-22","http://dbpedia.org/resource/Ronaldo"
"201","http://www.newsreader-project.eu/LNdata/hackathon/2010/02/20/55X8-9211-F072-J4JN.xml#followEvent","39","2010-02-20","http://dbpedia.org/resource/Mia_Hamm"
"202","http://www.theguardian.com/football/2010/feb/20/everton-manchester-united-latest-score#addEvent","16","2010-02-20","http://dbpedia.org/resource/Wayne_Rooney"
"203","http://www.newsreader-project.eu/LNdata/hackathon/2010/02/20/7XVN-RX71-2R6X-P3K4.xml#wantEvent","16","2010-02-20","http://dbpedia.org/resource/Mikaël_Silvestre"
"204","http://www.newsreader-project.eu/LNdata/hackathon/2010/02/19/7XTV-BPN1-2R4D-H3RK.xml#standEvent","14","2010-02-19","http://dbpedia.org/resource/Sol_Campbell"
"205","http://www.newsreader-project.eu/LNdata/hackathon/2010/02/19/7XV1-DJC1-2R54-2216.xml#wantEvent","8","2010-02-19","http://dbpedia.org/resource/Ronaldo"
"206","http://www.newsreader-project.eu/LNdata/hackathon/2010/02/19/7XYV-GKB0-Y9NW-50SD.xml#backEvent","5","2010-02-19","http://dbpedia.org/resource/Sol_Campbell"
"207","http://www.newsreader-project.eu/LNdata/hackathon/2010/02/17/7XTH-XF31-2RM7-84G9.xml#supportEvent","11","2010-02-17","http://dbpedia.org/resource/Paolo_Maldini"
"208","http://www.newsreader-project.eu/LNdata/hackathon/2010/02/17/7XTH-XF31-2RM7-84G9.xml#wantEvent","8","2010-02-17","http://dbpedia.org/resource/Paolo_Maldini"
"209","http://www.newsreader-project.eu/LNdata/hackathon/2010/02/16/7XT9-FB10-YB58-K259.xml#likeEvent","6","2010-02-16","http://dbpedia.org/resource/Pelé"
"210","http://www.newsreader-project.eu/LNdata/hackathon/2010/02/15/7XT4-Y560-Y9M1-M3XR.xml#believeEvent","8","2010-02-15","http://dbpedia.org/resource/Gordon_Taylor_(footballer)"
"211","http://www.newsreader-project.eu/LNdata/hackathon/2010/02/16/7XT9-FB10-YB58-K259.xml#supportEvent","14","2010-02-16","http://dbpedia.org/resource/Pelé"
"212","http://www.newsreader-project.eu/LNdata/hackathon/2010/02/15/7XT9-FB10-YB58-K239.xml#interestEvent","10","2010-02-15","http://dbpedia.org/resource/Pelé"
"213","http://www.newsreader-project.eu/LNdata/hackathon/2010/02/15/7XT9-FB10-YB58-K239.xml#likeEvent","6","2010-02-15","http://dbpedia.org/resource/Pelé"
"214","http://www.newsreader-project.eu/LNdata/hackathon/2010/02/15/7XT9-FB10-YB58-K239.xml#visitEvent","12","2010-02-15","http://dbpedia.org/resource/Pelé"
"215","http://www.newsreader-project.eu/LNdata/hackathon/2010/02/15/7XTR-PK81-2PK5-S0R1.xml#wantEvent","12","2010-02-15","http://dbpedia.org/resource/Robinho"
"216","http://www.newsreader-project.eu/LNdata/hackathon/2010/02/15/7XT9-FB10-YB58-K239.xml#enjoyEvent","11","2010-02-15","http://dbpedia.org/resource/Pelé"
"217","http://www.newsreader-project.eu/LNdata/hackathon/2010/02/13/7XT4-5D71-2R6N-8059.xml#standEvent","11","2010-02-13","http://dbpedia.org/resource/Teddy_Sheringham"
"218","http://www.newsreader-project.eu/LNdata/hackathon/2010/02/13/7XT4-5D71-2R6N-8059.xml#understandEvent","7","2010-02-13","http://dbpedia.org/resource/Teddy_Sheringham"
"219","http://www.newsreader-project.eu/LNdata/hackathon/2010/02/13/7XSN-HMV0-YB58-K46D.xml#missEvent","6","2010-02-13","http://dbpedia.org/resource/John_Terry"
"220","http://www.newsreader-project.eu/LNdata/hackathon/2010/02/13/7XT4-5D71-2R6N-8059.xml#standEvent","11","2010-02-13","http://dbpedia.org/resource/Teddy_Sheringham"
"221","http://www.newsreader-project.eu/LNdata/hackathon/2010/02/13/7XT4-5D71-2R6N-8059.xml#understandEvent","7","2010-02-13","http://dbpedia.org/resource/Teddy_Sheringham"
"222","http://news.bbc.co.uk/sport2/hi/football/teams/c/chelsea/8511556.stm#wantEvent","18","2010-02-13","http://dbpedia.org/resource/Wayne_Bridge"
"223","http://news.bbc.co.uk/sport2/hi/football/world_cup_2010/8513918.stm#backEvent","18","2010-02-13","http://dbpedia.org/resource/Patrick_Vieira"
"224","http://news.bbc.co.uk/sport2/hi/football/teams/c/chelsea/8511556.stm#wantEvent","18","2010-02-13","http://dbpedia.org/resource/Wayne_Bridge"
"225","http://www.theguardian.com/football/blog/2010/feb/12/fabio-capello-england-world-cup#missEvent","15","2010-02-12","http://dbpedia.org/resource/John_Terry"
"226","http://www.newsreader-project.eu/LNdata/hackathon/2010/02/11/7XSN-5PT1-2R4F-70MS.xml#addEvent","6","2010-02-11","http://dbpedia.org/resource/Nwankwo_Kanu"
"227","http://www.newsreader-project.eu/LNdata/hackathon/2010/02/11/7XS4-1040-Y9SD-S2JC.xml#enjoyEvent","6","2010-02-11","http://dbpedia.org/resource/Gao_Lin"
"228","http://www.newsreader-project.eu/LNdata/hackathon/2010/02/11/7XSH-6M80-Y9NW-5216.xml#wantEvent","10","2010-02-11","http://dbpedia.org/resource/Hassan_Yebda"
"229","http://www.newsreader-project.eu/LNdata/hackathon/2010/02/09/7XRV-4PG0-YB33-21XH.xml#likesEvent","7","2010-02-09","http://dbpedia.org/resource/Liam_Lawrence"
"230","http://www.newsreader-project.eu/LNdata/hackathon/2010/02/09/7XRX-GKY0-YB53-21CT.xml#fanEvent","10","2010-02-09","http://dbpedia.org/resource/Erik_Solér"
"231","http://www.newsreader-project.eu/LNdata/hackathon/2010/02/09/7XRV-F6B1-2R4Y-T1RC.xml#careerEvent","11","2010-02-09","http://dbpedia.org/resource/Barry_Ferguson"
"232","http://www.newsreader-project.eu/LNdata/hackathon/2010/02/09/7XRV-F6B1-2R4Y-T1RC.xml#wantEvent","112","2010-02-09","http://dbpedia.org/resource/Barry_Ferguson"
"233","http://www.newsreader-project.eu/LNdata/hackathon/2010/02/09/7XS2-K1M1-2SPD-90RH.xml#missEvent","22","2010-02-09","http://dbpedia.org/resource/Cicinho"
"234","http://www.newsreader-project.eu/LNdata/hackathon/2010/02/09/7XRV-F6B1-2R4Y-T1RC.xml#enjoyEvent","7","2010-02-09","http://dbpedia.org/resource/Barry_Ferguson"
"235","http://www.newsreader-project.eu/LNdata/hackathon/2010/02/08/7XRM-NW71-2R4Y-T0WH.xml#likesEvent","5","2010-02-08","http://dbpedia.org/resource/John_Carew"
"236","http://www.newsreader-project.eu/LNdata/hackathon/2010/02/08/7XRW-84D1-2R4F-709K.xml#wantEvent","72","2010-02-08","http://dbpedia.org/resource/Rabiu_Ibrahim"
"237","http://www.theguardian.com/football/2010/feb/08/the-fiver-football-premier-league#likeEvent","14","2010-02-08","http://dbpedia.org/resource/Cesc_Fàbregas"
"238","http://www.newsreader-project.eu/LNdata/hackathon/2010/02/08/7XRW-84D1-2R4F-709K.xml#likesEvent","14","2010-02-08","http://dbpedia.org/resource/Nani"
"239","http://www.newsreader-project.eu/LNdata/hackathon/2010/02/07/7XRF-D0N1-2R4Y-Y00Y.xml#wantEvent","10","2010-02-07","http://dbpedia.org/resource/Ronaldinho"
"240","http://www.theguardian.com/football/2010/feb/07/england-wales-euro-2012-qualification#likesEvent","42","2010-02-07","http://dbpedia.org/resource/Aaron_Ramsey"
"241","http://www.newsreader-project.eu/LNdata/hackathon/2010/02/07/7XXR-XCP1-2NYX-N31R.xml#addEvent","11","2010-02-07","http://dbpedia.org/resource/Lionel_Messi"
"242","http://www.theguardian.com/football/2010/feb/07/england-wales-euro-2012-qualification#wantEvent","315","2010-02-07","http://dbpedia.org/resource/Lionel_Messi"
"243","http://www.newsreader-project.eu/LNdata/hackathon/2010/02/07/7XR7-BHJ0-YBDY-R113.xml#loverEvent","5","2010-02-07","http://dbpedia.org/resource/John_Terry"
"244","http://www.newsreader-project.eu/LNdata/hackathon/2010/02/07/7XR7-BHJ0-YBDY-R113.xml#standardEvent","5","2010-02-07","http://dbpedia.org/resource/John_Terry"
"245","http://www.newsreader-project.eu/LNdata/hackathon/2010/02/07/7XR7-BHJ0-YBDY-R113.xml#loverEvent","5","2010-02-07","http://dbpedia.org/resource/John_Terry"
"246","http://www.newsreader-project.eu/LNdata/hackathon/2010/02/07/7XR7-BHJ0-YBDY-R113.xml#understandEvent","8","2010-02-07","http://dbpedia.org/resource/John_Terry"
"247","http://www.newsreader-project.eu/LNdata/hackathon/2010/02/05/7XR0-8311-2R56-404T.xml#believeEvent","9","2010-02-05","http://dbpedia.org/resource/Mark_Noble_(footballer)"
"248","http://www.newsreader-project.eu/LNdata/hackathon/2010/02/04/7XS2-XW80-YC5N-71HX.xml#likesEvent","11","2010-02-04","http://dbpedia.org/resource/Salomon_Kalou"
"249","http://www.newsreader-project.eu/LNdata/hackathon/2010/02/05/7XR0-8311-2R56-404T.xml#believeEvent","9","2010-02-05","http://dbpedia.org/resource/Mark_Noble_(footballer)"
"250","http://www.newsreader-project.eu/LNdata/hackathon/2010/02/02/7XPS-4140-Y958-C0BM.xml#interestEvent","10","2010-02-02","http://dbpedia.org/resource/McDonald_Mariga"
"251","http://www.theguardian.com/football/2010/feb/02/john-terry-england-fa#wantEvent","16","2010-02-02","http://dbpedia.org/resource/John_Terry"
"252","http://www.newsreader-project.eu/LNdata/hackathon/2010/02/02/7XPK-GXR1-2R6T-F452.xml#bebackEvent","5","2010-02-02","http://dbpedia.org/resource/Kyle_Naughton"
"253","http://www.newsreader-project.eu/LNdata/hackathon/2010/02/02/7XPS-4140-Y958-C0BM.xml#grantEvent","7","2010-02-02","http://dbpedia.org/resource/McDonald_Mariga"
"254","http://www.newsreader-project.eu/LNdata/hackathon/2010/02/01/7XP5-VSF0-YB00-H3NX.xml#standEvent","11","2010-02-01","http://dbpedia.org/resource/Adrian_Mutu"
"255","http://www.newsreader-project.eu/LNdata/hackathon/2010/02/01/7XP5-VSF0-YB00-H3NX.xml#likesEvent","5","2010-02-01","http://dbpedia.org/resource/Mirko_Vučinić"
"256","http://www.newsreader-project.eu/LNdata/hackathon/2010/01/30/7XNY-KN00-Y9J1-00P5.xml#missEvent","7","2010-01-30","http://dbpedia.org/resource/Didier_Drogba"
"257","http://www.newsreader-project.eu/LNdata/hackathon/2010/01/29/7XNJ-8XN0-YBVG-60VT.xml#enjoyEvent","7","2010-01-29","http://dbpedia.org/resource/Kyle_Naughton"
"258","http://www.newsreader-project.eu/LNdata/hackathon/2010/01/28/7XNF-M0K1-2R4F-70VG.xml#missEvent","6","2010-01-28","http://dbpedia.org/resource/Peter_Odemwingie"
"259","http://www.newsreader-project.eu/LNdata/hackathon/2010/01/28/7XNG-0410-YB58-K0F0.xml#wantEvent","22","2010-01-28","http://dbpedia.org/resource/Cristiano_Ronaldo"
"260","http://www.newsreader-project.eu/LNdata/hackathon/2010/01/28/7XNG-0410-YB58-K0F0.xml#wantEvent","22","2010-01-28","http://dbpedia.org/resource/Cristiano_Ronaldo"
"261","http://www.newsreader-project.eu/LNdata/hackathon/2010/01/28/7XNG-0410-YB58-K0F0.xml#careerEvent","14","2010-01-28","http://dbpedia.org/resource/Cristiano_Ronaldo"
"262","http://www.newsreader-project.eu/LNdata/hackathon/2010/01/27/7XN8-C0B1-2PFT-838K.xml#fanEvent","6","2010-01-27","http://dbpedia.org/resource/Cristiano_Ronaldo"
"263","http://www.theguardian.com/sport/blog/2010/jan/26/todaqy-in-sport-26-january#missEvent","16","2010-01-26","http://dbpedia.org/resource/Craig_Fagan"
"264","http://www.theguardian.com/football/2010/jan/26/football-trasnfer-rumours-huntelaar-arsenal#wantEvent","75","2010-01-26","http://dbpedia.org/resource/Andy_Carroll"
"265","http://www.theguardian.com/football/2010/jan/26/football-trasnfer-rumours-huntelaar-arsenal#interestEvent","24","2010-01-26","http://dbpedia.org/resource/Roman_Pavlyuchenko"
"266","http://www.newsreader-project.eu/LNdata/hackathon/2010/01/26/7XN8-9V31-2PK5-S08N.xml#likesEvent","5","2010-01-26","http://dbpedia.org/resource/Lucas_Neill"
"267","http://www.theguardian.com/football/2010/jan/26/football-trasnfer-rumours-huntelaar-arsenal#wantEvent","75","2010-01-26","http://dbpedia.org/resource/Mido_(footballer)"
"268","http://www.newsreader-project.eu/LNdata/hackathon/2010/01/23/7XM7-0300-YBXP-90TP.xml#fanEvent","8","2010-01-23","http://dbpedia.org/resource/Ronaldinho"
"269","http://www.newsreader-project.eu/LNdata/hackathon/2010/01/23/7XM6-5BC1-2RP6-W2F8.xml#wantEvent","252","2010-01-23","http://dbpedia.org/resource/Ronaldinho"
"270","http://www.newsreader-project.eu/LNdata/hackathon/2010/01/23/7XKN-58D1-2R4T-04RG.xml#likesEvent","5","2010-01-23","http://dbpedia.org/resource/David_Beckham"
"271","http://www.newsreader-project.eu/LNdata/hackathon/2010/01/23/7XM7-0300-YBXP-90TP.xml#supportEvent","8","2010-01-23","http://dbpedia.org/resource/Ronaldinho"
"272","http://www.newsreader-project.eu/LNdata/hackathon/2010/01/22/7XM7-F1G1-2SPD-9065.xml#supportEvent","8","2010-01-22","http://dbpedia.org/resource/Ronaldinho"
"273","http://www.newsreader-project.eu/LNdata/hackathon/2010/01/22/7XM7-F1G1-2SPD-9065.xml#fanEvent","8","2010-01-22","http://dbpedia.org/resource/Ronaldinho"
"274","http://www.newsreader-project.eu/LNdata/hackathon/2010/01/22/7XM7-F1G1-2SPD-9065.xml#thanksEvent","48","2010-01-22","http://dbpedia.org/resource/Ronaldinho"
"275","http://www.newsreader-project.eu/LNdata/hackathon/2010/01/22/7XM7-F1G1-2SPD-9065.xml#wantEvent","11","2010-01-22","http://dbpedia.org/resource/Ronaldinho"
"276","http://www.newsreader-project.eu/LNdata/hackathon/2010/01/22/7XM7-F1G1-2SPD-9065.xml#thanksEvent","48","2010-01-22","http://dbpedia.org/resource/Carlos_Tévez"
"277","http://www.newsreader-project.eu/LNdata/hackathon/2010/01/22/54MV-RC91-JDV6-X284.xml#believeEvent","198","2010-01-22","http://dbpedia.org/resource/Cristiano_Ronaldo"
"278","http://www.newsreader-project.eu/LNdata/hackathon/2010/01/21/7XMH-5761-2SGB-B076.xml#believeEvent","10","2010-01-21","http://dbpedia.org/resource/Teko_Modise"
"279","http://www.theguardian.com/sport/blog/2010/jan/19/today-in-sport-19-january#welcomeEvent","18","2010-01-19","http://dbpedia.org/resource/Philippe_Senderos"
"280","http://www.newsreader-project.eu/LNdata/hackathon/2010/01/19/7XKJ-XHV1-2RFP-7500.xml#welcomeEvent","22","2010-01-19","http://dbpedia.org/resource/Thierry_Henry"
"281","http://www.newsreader-project.eu/LNdata/hackathon/2010/01/19/7XKC-9S30-Y958-F17R.xml#careerEvent","5","2010-01-19","http://dbpedia.org/resource/Thierry_Henry"
"282","http://www.newsreader-project.eu/LNdata/hackathon/2010/01/19/7XKB-W5W0-YBDY-R405.xml#wantEvent","8","2010-01-19","http://dbpedia.org/resource/David_Beckham"
"283","http://www.newsreader-project.eu/LNdata/hackathon/2010/01/19/7XM3-9JB0-YBYD-24R6.xml#visitorEvent","20","2010-01-19","http://dbpedia.org/resource/Pelé"
"284","http://www.newsreader-project.eu/LNdata/hackathon/2010/01/19/7XKD-G640-YB6K-M0K0.xml#believeEvent","26","2010-01-19","http://dbpedia.org/resource/Sean_St_Ledger"
"285","http://www.theguardian.com/football/2010/jan/18/thierry-henry-fifa-handball-escapes-punishment#missEvent","360","2010-01-18","http://dbpedia.org/resource/Thierry_Henry"
"286","http://www.newsreader-project.eu/LNdata/hackathon/2010/01/18/7XM3-39H1-2SGB-B2FM.xml#addEvent","6","2010-01-18","http://dbpedia.org/resource/Diego_Ribas_da_Cunha"
"287","http://www.theguardian.com/football/2010/jan/18/the-fiver-manchester-united-glazers#interestEvent","50","2010-01-18","http://dbpedia.org/resource/David_James_(footballer)"
"288","http://www.newsreader-project.eu/LNdata/hackathon/2010/01/17/7XK6-BT21-2RY2-92JP.xml#addEvent","10","2010-01-17","http://dbpedia.org/resource/Pelé"
"289","http://www.newsreader-project.eu/LNdata/hackathon/2010/01/16/7XK5-K1W1-2R6P-14BP.xml#addEvent","56","2010-01-16","http://dbpedia.org/resource/Pelé"
"290","http://www.newsreader-project.eu/LNdata/hackathon/2010/01/17/7XK3-YF30-Y9NR-H2X6.xml#fanEvent","5","2010-01-17","http://dbpedia.org/resource/Ashley_Cole"
"291","http://www.newsreader-project.eu/LNdata/hackathon/2010/01/16/7XPT-R6H0-YC5N-7435.xml#likesEvent","14","2010-01-16","http://dbpedia.org/resource/Peter_Odemwingie"
"292","http://www.newsreader-project.eu/LNdata/hackathon/2010/01/14/7XJJ-B5X0-Y9NS-W2S2.xml#addEvent","17","2010-01-14","http://dbpedia.org/resource/Danny_Mwanga"
"293","http://www.newsreader-project.eu/LNdata/hackathon/2010/01/15/7XJJ-1NR1-2PYR-V0V8.xml#addEvent","10","2010-01-15","http://dbpedia.org/resource/Dilly_Duka"
"294","http://www.newsreader-project.eu/LNdata/hackathon/2010/01/14/7XJ4-HYY1-2RYX-13PG.xml#grantEvent","8","2010-01-14","http://dbpedia.org/resource/Reinaldo_Elias_da_Costa"
"295","http://www.theguardian.com/football/2010/jan/13/africa-cup-nations-cameroon-gabon-live#backEvent","40","2010-01-13","http://dbpedia.org/resource/Alex_Song"
"296","http://www.theguardian.com/football/blog/2010/jan/13/sol-campbell-arsenal-return#careerEvent","20","2010-01-13","http://dbpedia.org/resource/Sol_Campbell"
"297","http://www.theguardian.com/football/2010/jan/13/africa-cup-nations-cameroon-gabon-live#misunderstandEvent","28","2010-01-13","http://dbpedia.org/resource/Geremi_Njitap"
"298","http://www.theguardian.com/football/2010/jan/13/africa-cup-nations-cameroon-gabon-live#believeEvent","102","2010-01-13","http://dbpedia.org/resource/Mohammadou_Idrissou"
"299","http://www.theguardian.com/football/2010/jan/13/africa-cup-nations-cameroon-gabon-live#standEvent","44","2010-01-13","http://dbpedia.org/resource/Geremi_Njitap"
"300","http://www.newsreader-project.eu/LNdata/hackathon/2010/01/12/7XHV-FPF0-YB58-G2WV.xml#missEvent","5","2010-01-12","http://dbpedia.org/resource/Itumeleng_Khune"
"301","http://www.newsreader-project.eu/LNdata/hackathon/2010/01/12/7XHX-3041-2R4F-73XW.xml#likesEvent","5","2010-01-12","http://dbpedia.org/resource/Didier_Drogba"
"302","http://www.newsreader-project.eu/LNdata/hackathon/2010/01/12/576F-24Y1-JB2N-K3Y2.xml#addEvent","372","2010-01-12","http://dbpedia.org/resource/Khaled_Souissi"
"303","http://www.theguardian.com/football/2010/jan/12/africa-cup-nations-egypt-nigeria-live#funEvent","12","2010-01-12","http://dbpedia.org/resource/Mido_(footballer)"
"304","http://www.newsreader-project.eu/LNdata/hackathon/2010/01/11/7XHN-8X11-2PG0-H4NT.xml#addEvent","7","2010-01-11","http://dbpedia.org/resource/Michael_Essien"
"305","http://www.newsreader-project.eu/LNdata/hackathon/2010/01/11/7XHG-MCW1-2RYX-13YF.xml#likesEvent","5","2010-01-11","http://dbpedia.org/resource/Vince_Grella"
"306","http://www.newsreader-project.eu/LNdata/hackathon/2010/01/11/7XHV-TDG1-2PB8-422B.xml#additionEvent","10","2010-01-11","http://dbpedia.org/resource/Andy_Gray_(footballer_born_1955)"
"307","http://www.newsreader-project.eu/LNdata/hackathon/2010/01/11/7XHP-TR50-YBVG-6556.xml#addEvent","8","2010-01-11","http://dbpedia.org/resource/Fernando_Torres"
"308","http://www.newsreader-project.eu/LNdata/hackathon/2010/01/10/7XHP-3VG0-Y9KG-Y42V.xml#likesEvent","5","2010-01-10","http://dbpedia.org/resource/Bonaventure_Kalou"
"309","http://www.newsreader-project.eu/LNdata/hackathon/2010/01/10/7XHM-TKD0-YBXC-W45N.xml#addEvent","7","2010-01-10","http://dbpedia.org/resource/Michael_Essien"
"310","http://www.newsreader-project.eu/LNdata/hackathon/2010/01/09/7XH2-JJ60-YB64-43G9.xml#likesEvent","5","2010-01-09","http://dbpedia.org/resource/Tim_Cahill"
"311","http://www.theguardian.com/football/2010/jan/09/togo-withdraw-africa-cup-of-nations#backEvent","10","2010-01-09","http://dbpedia.org/resource/Emmanuel_Adebayor"
"312","http://www.newsreader-project.eu/LNdata/hackathon/2010/01/08/7XHD-VCJ0-Y958-C0XF.xml#addEvent","6","2010-01-08","http://dbpedia.org/resource/Nwankwo_Kanu"
"313","http://www.newsreader-project.eu/LNdata/hackathon/2010/01/08/7XH6-W741-2R4R-3176.xml#followEvent","9","2010-01-08","http://dbpedia.org/resource/Roy_Miller_(footballer)"
"314","http://www.newsreader-project.eu/LNdata/hackathon/2010/01/08/7XHV-3X71-2R4F-7040.xml#likesEvent","7","2010-01-08","http://dbpedia.org/resource/Danny_Shittu"
"315","http://www.newsreader-project.eu/LNdata/hackathon/2010/01/08/7XH0-XH51-2RM7-82FY.xml#followEvent","10","2010-01-08","http://dbpedia.org/resource/David_Beckham"
"316","http://www.newsreader-project.eu/LNdata/hackathon/2010/01/08/7XH0-XH51-2RM7-82FY.xml#likesEvent","5","2010-01-08","http://dbpedia.org/resource/Paolo_Maldini"
"317","http://www.theguardian.com/football/2010/jan/08/togo-attack-premier-league-adebayour-africa-nations#understandEvent","27","2010-01-08","http://dbpedia.org/resource/Salomon_Kalou"
"318","http://www.newsreader-project.eu/LNdata/hackathon/2010/01/08/7XH6-W741-2R4R-3176.xml#enjoyEvent","6","2010-01-08","http://dbpedia.org/resource/Roy_Miller_(footballer)"
"319","http://www.theguardian.com/football/2010/jan/07/world-cup-bids-2018-2022-africa#wantEvent","360","2010-01-07","http://dbpedia.org/resource/Nwankwo_Kanu"
"320","http://www.newsreader-project.eu/LNdata/hackathon/2010/01/08/7XH0-XH51-2RM7-82FY.xml#enjoyEvent","7","2010-01-08","http://dbpedia.org/resource/David_Beckham"
"321","http://news.bbc.co.uk/sport2/hi/football/africa/8443908.stm#missEvent","22","2010-01-07","http://dbpedia.org/resource/Sulley_Muntari"
"322","http://www.newsreader-project.eu/LNdata/hackathon/2010/01/07/7XH2-67B1-2R4F-73PW.xml#likesEvent","5","2010-01-07","http://dbpedia.org/resource/Stephen_Appiah"
"323","http://www.newsreader-project.eu/LNdata/hackathon/2010/01/07/7XH2-67B1-2R4F-73PW.xml#relationshipEvent","7","2010-01-07","http://dbpedia.org/resource/Mido_(footballer)"
"324","http://www.newsreader-project.eu/LNdata/hackathon/2010/01/06/7XGV-JR71-2R6R-509M.xml#likesEvent","5","2010-01-06","http://dbpedia.org/resource/Rob_Friend"
"325","http://www.newsreader-project.eu/LNdata/hackathon/2010/01/06/7XGT-8XR1-2RFP-721P.xml#likesEvent","5","2010-01-06","http://dbpedia.org/resource/Dimitar_Berbatov"
"326","http://www.theguardian.com/football/2010/jan/04/david-beckham-lionel-messi#backEvent","18","2010-01-04","http://dbpedia.org/resource/David_Beckham"
"327","http://www.newsreader-project.eu/LNdata/hackathon/2010/01/05/7XGS-XVF0-Y958-C3X6.xml#addressEvent","6","2010-01-05","http://dbpedia.org/resource/Orlando_Silva"
"328","http://www.theguardian.com/football/2010/jan/04/david-beckham-lionel-messi#addEvent","18","2010-01-04","http://dbpedia.org/resource/David_Beckham"
"329","http://www.theguardian.com/football/2010/jan/04/david-beckham-lionel-messi#backEvent","18","2010-01-04","http://dbpedia.org/resource/Lionel_Messi"
"330","http://www.theguardian.com/football/2010/jan/02/fa-cup-third-round-clockwatch#missEvent","18","2010-01-02","http://dbpedia.org/resource/Andrew_Johnson_(English_footballer)"
"331","http://www.newsreader-project.eu/LNdata/hackathon/2010/01/02/7XFR-B5N1-2R6B-N1FH.xml#wantEvent","36","2010-01-02","http://dbpedia.org/resource/Stephen_McManus"
"332","http://www.theguardian.com/football/2010/jan/02/fa-cup-third-round-clockwatch#thanksEvent","46","2010-01-02","http://dbpedia.org/resource/Kevan_Hurst"
"333","http://www.newsreader-project.eu/LNdata/hackathon/2010/01/01/7XFH-DC01-2SCD-G4D0.xml#likesEvent","5","2010-01-01","http://dbpedia.org/resource/Wayne_Bridge"
